{
  "$schema": "https://developer.microsoft.com/json-schemas/spfx/client-side-extension-manifest.schema.json",

  "id": "b1720e9b-50dc-4df2-812c-6f4549eb71d6",
  "alias": "PrintPageApplicationCustomizer",
  "componentType": "Extension",
  "extensionType": "ApplicationCustomizer",

  // The "*" signifies that the version should be taken from the package.json
  "version": "*",
  "manifestVersion": 2,

  // If true, the component can only be installed on sites where Custom Script is allowed.
  // Components that allow authors to embed arbitrary script code should set this to true.
  // https://support.office.com/en-us/article/Turn-scripting-capabilities-on-or-off-1f2c515f-5d7e-448a-9fd7-835da935584f
  "requiresCustomScript": false
}
